URL,Unique Visitors
developers.redhat.com/,2242
http://developers.redhat.com/blog/2016/05/17/aspnet-mvc-core-1-0/,446
developers.redhat.com/auth/realms/rhd/protocol/openid-connect/auth,442
developers.redhat.com/products/rhel/get-started/,424
developers.redhat.com/downloads/,191
developers.redhat.com/products/rhel/download/,179
http://developers.redhat.com/blog/2014/08/14/find-fix-memory-leaks-java-application/,155
http://developers.redhat.com/blog/2016/03/31/no-cost-rhel-developer-subscription-now-available/,153
developers.redhat.com/promotions/linux-cheatsheet/,131
developers.redhat.com/auth/realms/rhd/login-actions/authenticate,115
http://developers.redhat.com/blog/2014/10/01/using-apache-httpd-2-4-rhel6/,111
developers.redhat.com/products/rhel/overview/,104
developers.redhat.com/auth/realms/rhd/login-actions/registration,71
developers.redhat.com/promotions/developers-salary-survey-2016/,71
http://developers.redhat.com/blog/2013/02/14/setting-up-django-and-python-2-7-on-red-hat-enterprise-,70
developers.redhat.com/auth/realms/rhd/protocol/openid-connect/registrations,68
developers.redhat.com/download-manager/tc/rhdusercompcountry.jsf,68
developers.redhat.com/auth/realms/rhd/account/,66
http://developers.redhat.com/blog/2016/05/18/3-reasons-i-should-build-my-containerized-applications-,63
developers.redhat.com/promotions/distributed-javaee-architecture/,62
developers.redhat.com/quickstarts/eap/helloworld/,60
http://developers.redhat.com/blog/2016/02/24/10-things-to-avoid-in-docker-containers/,58
http://developers.redhat.com/blog/category/net/,56
developers.redhat.com/products/cdk/overview/,53
developers.redhat.com/auth/realms/rhd/login-actions/reset-credentials,52
http://developers.redhat.com/blog/2016/05/16/all-together-now-net-rhel-hyper-v-and-vscode/,46
developers.redhat.com/confirmation/,46
developers.redhat.com/quickstarts/eap/helloworld-jms/,46
developers.redhat.com/download-manager/tc/rhduserfullupgrade.jsf,45
developers.redhat.com/products/devstudio/get-started/,45
http://developers.redhat.com/blog/2013/08/01/php-5-4-on-rhel-6-using-rhscl/,42
http://developers.redhat.com/blog/2016/04/21/red-hat-at-the-iso-c-standards-meeting-march-2016-paral,42
http://developers.redhat.com/blog/2014/05/05/running-systemd-within-docker-container/,40
developers.redhat.com/ticket-monster/introduction/,39
http://developers.redhat.com/blog/2015/04/22/scala-vs-node-js-as-a-restful-backend-server/,39
developers.redhat.com/auth/realms/rhd/login-actions/first-broker-login,38
developers.redhat.com/auth/realms/rhd/login-actions/required-action,38
http://developers.redhat.com/blog/2013/10/24/apache-httpd-2-4-on-red-hat-enterprise-linux-6/,37
developers.redhat.com/auth/realms/rhd/protocol/saml,36
developers.redhat.com/resources/,35
developers.redhat.com/quickstarts/eap/logging/,34
http://developers.redhat.com/blog/2015/11/19/dns-your-openshift-v3-cluster/,31
http://developers.redhat.com/blog/2016/04/19/security-update-samassamsam-ransomeware-and-jboss/,30
http://developers.redhat.com/blog/2014/05/15/practical-introduction-to-docker-containers/,29
developers.redhat.com/products/,29
developers.redhat.com/dotnet/,26
http://developers.redhat.com/blog,26
http://developers.redhat.com/blog/2016/05/17/net-on-linux-which-environment/,26
developers.redhat.com/products/cdk/get-started/,26
developers.redhat.com/articles/rhel-what-you-need-to-know/,25
developers.redhat.com/quickstarts/eap/,25
http://developers.redhat.com/blog/2016/02/19/apps-101-an-absolute-beginners-guide-to-integrating-wit,24
developers.redhat.com/products/softwarecollections/overview/,24
http://developers.redhat.com/blog/2014/09/30/overview-storage-scalability-docker/,23
developers.redhat.com/products/fuse/get-started/,22
developers.redhat.com/products/softwarecollections/get-started-rhel7-php/,22
http://developers.redhat.com/blog/2014/05/20/communicating-large-objects-with-web-workers-in-javascr,21
http://developers.redhat.com/blog/2016/05/17/smart-light-with-arduino-in-fedora/,21
developers.redhat.com/products/developertoolset/overview/,20
http://developers.redhat.com/blog/2016/03/09/more-about-docker-images-size/,20
developers.redhat.com/containers/,20
developers.redhat.com/download-manager/tc/rhdtcagree.jsf,19
developers.redhat.com/products/rhel/docs-and-apis/,18
http://developers.redhat.com/blog/2014/03/10/determining-whether-an-application-has-poor-cache-perfo,18
developers.redhat.com/auth/realms/rhd/account,17
http://developers.redhat.com/blog/2013/12/05/xml-editing-bash-script/,17
developers.redhat.com/community/contributor/,17
http://developers.redhat.com/blog/2016/02/03/angular-react-and-javascript-framework-fatigue/,16
http://developers.redhat.com/blog/2016/05/17/jboss-fuse-tooling-diagram-reworked-new-shiny-colors-an,15
http://developers.redhat.com/blog/2014/11/06/introducing-a-super-privileged-container-concept/,15
http://developers.redhat.com/blog/2016/04/21/red-hat-goes-devops-new-certifications-for-developers/,15
http://developers.redhat.com/blog/category/red-hat-enterprise-linux/,15
http://developers.redhat.com/blog/category/devops/,15
developers.redhat.com/enterprise-java/,15
developers.redhat.com/articles/no-cost-rhel-faq/,15
developers.redhat.com/products/devstudio/overview/,15
http://developers.redhat.com/blog/2016/03/29/origins-of-net-on-linux-an-explanation-for-java-develop,14
developers.redhat.com/web-and-api-development/,14
developers.redhat.com/quickstarts/eap/h2-console/,14
http://developers.redhat.com/blog/2015/01/14/jboss-on-docker-at-a-glance/,14
developers.redhat.com/products/softwarecollections/get-started-rhel6-php/,14
developers.redhat.com/terms-and-conditions/,14
http://developers.redhat.com/blog/2016/03/15/test-driven-development-for-building-apis-in-node-js-an,14
developers.redhat.com/auth/realms/rhd/account/identity,13
http://developers.redhat.com/blog/2014/03/19/permanently-enable-a-software-collection/,13
developers.redhat.com/products/rhel/learn/,13
developers.redhat.com/auth/realms/rhd/account/password,13
developers.redhat.com/faq/,13
developers.redhat.com/ticket-monster/,13
developers.redhat.com/products/devstudio/download/,13
developers.redhat.com/ticket-monster/hybridui/,13
developers.redhat.com/products/developertoolset/get-started-rhel7-cpp/,12
developers.redhat.com/devops/,12
developers.redhat.com/products/openshift/overview/,12
http://developers.redhat.com/blog/2016/04/27/rest-and-microservices-breaking-down-the-monolith-step-,12
http://developers.redhat.com/blog/2015/11/04/red-hat-microsoft-making-dot-net-on-linux-for-enterpris,12
developers.redhat.com/products/mobileplatform/get-started/,12
http://developers.redhat.com/blog/2014/03/10/examining-huge-pages-or-transparent-huge-pages-performa,12
http://developers.redhat.com/blog/2015/10/20/capital-one-banking-on-innovation-devops-open-source/,12
developers.redhat.com/products/softwarecollections/get-started/,12
developers.redhat.com/products/eap/get-started/,12
developers.redhat.com/blog/2015/06/02/can-you-run-intels-data-plane-development-kit-dpdk-in-a-docker,12
http://developers.redhat.com/blog/2014/10/16/gcc-undefined-behavior-sanitizer-ubsan/,11
developers.redhat.com/products/bpmsuite/get-started/,11
developers.redhat.com/products/eap/overview/,11
developers.redhat.com/quickstarts/eap/helloworld-mdb/,11
developers.redhat.com/products/cdk/download/,11
http://developers.redhat.com/blog/2016/03/30/a-linux-cheat-sheet-for-developers/,11
developers.redhat.com/quickstarts/eap/helloworld-ws/,11
http://developers.redhat.com/blog/2016/03/07/whats-new-jpa-2-1-hibernate-5-jboss-eap-7/,11
http://developers.redhat.com/blog/2015/04/28/remote-debugging-with-gdb/,11
developers.redhat.com/blog/2016/04/20/is-jenkins-showing-its-age-for-modern-cicd-whats-next/,11
http://developers.redhat.com/blog/2013/01/31/ruby-on-rails-3-2-on-red-hat-enterprise-linux-6-with-so,10
http://developers.redhat.com/blog/tag/devnation/,10
http://developers.redhat.com/blog/category/containers/,10
http://developers.redhat.com/blog/2016/05/16/jacksonville-c-core-language-meeting-report/,10
http://developers.redhat.com/blog/2016/02/23/upcoming-features-in-gcc-6/,10
developers.redhat.com/ticket-monster/userfrontend/,10
developers.redhat.com/products/softwarecollections/download/,10
http://developers.redhat.com/blog/2016/03/22/what-is-new-in-openmp-4-5-3/,10
http://developers.redhat.com/blog/2014/04/08/apache-with-various-php-versions-using-scl/,10
developers.redhat.com/blog/2014/02/27/using-pythons-virtualenv-with-rhscl/,9
developers.redhat.com/products/rhel/get-started-rhel7-java/,9
http://developers.redhat.com/blog/2014/07/31/getting-started-with-kubernetes-docker-on-fedora/,9
http://developers.redhat.com/blog/2014/06/26/rhel-7-is-for-developers/,9
developers.redhat.com/quickstarts/brms/helloworld-brms/,9
developers.redhat.com/products/fuse/overview/,9
developers.redhat.com/quickstarts/eap/ejb-remote/,9
developers.redhat.com/products/openshift/get-started/,9
developers.redhat.com/containers/adoption/,9
developers.redhat.com/products/softwarecollections/get-started-rhel7-python/,9
http://developers.redhat.com/blog/2016/01/13/a-practical-introduction-to-docker-container-terminolog,8
http://developers.redhat.com/blog/2016/05/18/jboss-fuse-tooling-support-of-global-configurations/,8
developers.redhat.com/quickstarts/eap/ejb-timer/,8
developers.redhat.com/ticket-monster/dashboardhtml5/,8
http://developers.redhat.com/blog/category/jboss/,8
http://developers.redhat.com/blog/2015/10/08/jboss-developer-studio-9-more-docker-openshift-and-wild,8
http://developers.redhat.com/blog/category/performance-2/,8
http://developers.redhat.com/blog/page/2/,8
http://developers.redhat.com/blog/2013/01/28/software-collections-on-red-hat-enterprise-linux/,8
http://developers.redhat.com/blog/2015/02/11/low-latency-performance-tuning-rhel-7/,8
http://developers.redhat.com/blog/2016/05/17/net-on-linux-which-environment/#more-422109,7
http://developers.redhat.com/blog/category/openshift/,7
http://developers.redhat.com/blog/2016/05/02/introducing-atomic-scan-container-vulnerability-detecti,7
http://developers.redhat.com/blog/2015/09/21/controlling-resources-with-cgroups-for-performance-test,7
http://developers.redhat.com/blog/tag/developer-toolset/,7
developers.redhat.com/quickstarts/eap/cluster-ha-singleton/,7
http://developers.redhat.com/blog/2013/09/24/separating-ide-wkspcs-code-repos/,7
http://developers.redhat.com/blog/2014/12/02/address-and-thread-sanitizers-gcc/,7
http://developers.redhat.com/blog/2014/10/22/nginx-1-4-on-red-hat-enterprise-linux-7/,7
developers.redhat.com/quickstarts/eap/websocket-hello/,7
http://developers.redhat.com/blog/2015/02/05/gcc5-and-the-c11-abi/,7
developers.redhat.com/mobile/,7
developers.redhat.com/quickstarts/eap/helloworld-rs/,7
developers.redhat.com/products/developertoolset/get-started/,7
developers.redhat.com/video/youtube/gctpnca0ea0/,7
http://developers.redhat.com/blog/tag/php/,7
http://developers.redhat.com/blog/2016/01/07/react-js-with-isotope-and-flux/,7
developers.redhat.com/products/softwarecollections/get-started-rhel7-ruby/,7
developers.redhat.com/products/softwarecollections/get-started-rhel7-nodejs/,7
http://developers.redhat.com/blog/2015/03/24/live-migrating-qemu-kvm-virtual-machines/,6
developers.redhat.com/events/gids/2016/,6
developers.redhat.com/products/brms/get-started/,6
developers.redhat.com/products/mobileplatform/overview/,6
http://developers.redhat.com/blog/2015/01/20/microservice-principles-and-immutability-demonstrated-w,6
http://developers.redhat.com/blog/2014/12/29/running-php-fpm-in-docker/,6
http://developers.redhat.com/blog/2016/05/17/aspnet-mvc-core-1-0/#more-422183,6
developers.redhat.com,6
http://developers.redhat.com/blog/2013/07/12/managing-openstack-with-the-foreman/,6
developers.redhat.com/projects/,6
http://developers.redhat.com/blog/page/3/,6
http://developers.redhat.com/blog/2016/05/12/announcing-v3-10-of-the-red-hat-mobile-application-plat,6
developers.redhat.com/products/eap/download/,6
http://developers.redhat.com/blog/2016/01/25/run-your-first-java-ee-application-with-jboss-eap-7-bet,6
developers.redhat.com/products/rhel/get-started-rhel7-python/,6
http://developers.redhat.com/blog/2013/08/15/c-cpp11-parallelism/,6
http://developers.redhat.com/blog/category/javascript/,5
http://developers.redhat.com/blog/2016/02/29/why-cstdlib-is-more-complicated-than-you-might-think/,5
developers.redhat.com/products/softwarecollections/get-started-rhel7-perl/,5
http://developers.redhat.com/blog/2014/03/25/getting-started-with-ruby-and-mongodb-using-software-co,5
http://developers.redhat.com/blog/2014/05/21/building-a-continuous-deployment-engine/,5
developers.redhat.com/products/rhel/get-started,5
developers.redhat.com/quickstarts/eap/hibernate4/,5
http://developers.redhat.com/blog/2015/01/08/creating-custom-atomic-trees-images-and-installers-part,5
http://developers.redhat.com/blog/2016/05/09/announcing-devnation-2016-get-30off/,5
http://developers.redhat.com/blog/2014/02/20/rhel-7-beta-extra-packages/,5
http://developers.redhat.com/blog/2015/11/17/gcc-5-developer-toolset-4-generally-available/,5
http://developers.redhat.com/blog/2016/03/31/no-cost-rhel-developer-subscription-now-available/#stat,5
http://developers.redhat.com/blog/author/remicollet/,5
http://developers.redhat.com/blog/2013/09/10/using-git-with-svn/,5
http://developers.redhat.com/blog/2016/04/19/redhatloves-net-and-dotnetonlinux/,5
http://developers.redhat.com/blog/2016/03/01/reducing-memory-access-times-with-caches/,5
http://developers.redhat.com/blog/2014/08/11/whats-new-in-gcc-for-red-hat-enterprise-linux-7/,5
http://developers.redhat.com/blog/2014/06/19/have-some-coffeescript-with-your-react/,5
http://developers.redhat.com/blog/2016/05/04/instruction-level-multithreading-to-improve-processor-u,5
http://developers.redhat.com/blog/2015/04/09/accelerating-rhel7-linux-containers-solarflare-openonlo,4
developers.redhat.com/quickstarts/eap/cdi-interceptors/,4
http://developers.redhat.com/blog/2015/06/04/software-collections-2-now-generally-available/,4
developers.redhat.com/quickstarts/eap/hibernate3/,4
developers.redhat.com/events/,4
developers.redhat.com/quickstarts/wfk/helloworld-html5/,4
http://developers.redhat.com/blog/category/java/,4
http://developers.redhat.com/blog/2016/02/11/new-no-cost-course-deploying-containerized-applications,4
developers.redhat.com/quickstarts/eap/shopping-cart/,4
developers.redhat.com/community/contributor/signup/,4
developers.redhat.com/quickstarts/eap/cdi-injection/,4
http://developers.redhat.com/blog/2015/11/16/eclipse-python-pydev-developer-toolset-4/,4
developers.redhat.com/containers/overview/,4
http://developers.redhat.com/blog/2014/10/15/intel-threading-building-blocks-in-red-hat-enterprise-l,4
http://developers.redhat.com/blog/2014/03/11/intro-coprs/,4
http://developers.redhat.com/blog/2016/04/19/different-types-of-microservices/,4
http://developers.redhat.com/blog/2016/05/06/new-beta-software-collections-2-2-and-developer-toolset,4
developers.redhat.com/products/brms/overview/,4
http://developers.redhat.com/blog/category/mobile/,4
http://developers.redhat.com/blog/2016/04/22/building-jboss-projects-with-patternfly-and-angularjs/,4
developers.redhat.com/quickstarts/eap/mail/,4
http://developers.redhat.com/blog/2016/05/12/persistent-custom-mdc-logging-in-apache-camel/,4
developers.redhat.com/auth/realms/rhd/broker/facebook/endpoint,4
http://developers.redhat.com/blog/2014/09/03/automated-deployment-rpm-packaged-django-applications-r,4
developers.redhat.com/auth/realms/rhd/login-actions/email-verification,4
developers.redhat.com/quickstarts/wfk/kitchensink-angularjs/,4
developers.redhat.com/video/youtube/piurfd15wj0/,4
http://developers.redhat.com/blog/2015/03/11/introducing-the-rhel-container-for-rhel-atomic-host/,4
developers.redhat.com/promotions/linux-cheatsheet,3
developers.redhat.com/quickstarts/eap/servlet-filterlistener/,3
http://developers.redhat.com/blog/2016/03/02/api-management-with-jboss-fuse-on-openshift-and-3scale-,3
developers.redhat.com/blog/2014/12/24/jcache-and-infinispan-standardize-your-applications-cache/,3
http://developers.redhat.com/blog/2015/11/17/software-collections-2-1-generally-available/,3
developers.redhat.com/quickstarts/brms/tasks-bpmsuite/,3
http://developers.redhat.com/blog/2015/10/16/5-things-need-know-gcc-5-developer-toolset-beta/,3
http://developers.redhat.com/blog/,3
developers.redhat.com/blog/2014/07/15/dude-wheres-my-paas-memory-tuning-javas-footprint-in-openshift,3
http://developers.redhat.com/blog/tag/docker/,3
developers.redhat.com/products/bpmsuite/overview/,3
developers.redhat.com/products/developertoolset/download/,3
http://developers.redhat.com/blog/2015/12/22/using-vagrant-tooling-in-eclipse/,3
developers.redhat.com/quickstarts/eap/log4j/,3
developers.redhat.com/video/youtube/spatmhp-xw8/,3
developers.redhat.com/products/devstudio/learn/,3
http://developers.redhat.com/blog/2015/04/15/evolving-a-mobile-centric-architecture-the-microservice,3
http://developers.redhat.com/blog/tag/microservices/,3
developers.redhat.com/products/openshift/learn/,3
developers.redhat.com/ticket-monster/whatisticketmonster/,3
developers.redhat.com/products/webserver/overview/,3
developers.redhat.com/download-manager/info/rhdeclipsethankyou.jsf,3
developers.redhat.com/ticket-monster/datapersistence/,3
http://developers.redhat.com/blog/2015/06/01/five-different-ways-handle-leap-seconds-ntp/,3
developers.redhat.com/webinars/net-on-rhel-sneak-peek/,3
developers.redhat.com/demos/jaspic/,3
http://developers.redhat.com/blog/page/4/,3
http://developers.redhat.com/blog/2015/10/27/new-java-ee-book-modern-java-ee-design-patterns/,3
developers.redhat.com/auth/realms/rhd/account/federated-identity-update,3
http://developers.redhat.com/blog/2016/05/18/jboss-fuse-tooling-support-of-global-configurations/#mo,3
http://developers.redhat.com/blog/2016/03/30/jolokia-jvm-monitoring-in-openshift-2/,3
developers.redhat.com/promotions/devnation-discount-code/,3
http://developers.redhat.com/blog/2014/01/15/devops-in-straight-english-part-1-of-2/,3
developers.redhat.com/quickstarts/datagrid/,3
http://developers.redhat.com/blog/category/devops/page/2/,3
http://developers.redhat.com/blog/2015/05/28/devnation-preview-enterprise-security-with-keycloak-fro,3
developers.redhat.com/quickstarts/wfk/spring-petclinic/,3
developers.redhat.com/quickstarts/eap/ejb-security/,3
http://developers.redhat.com/blog/page/5/,3
developers.redhat.com/blog/2016/04/05/should-i-learn-osgi-whats-the-point/,3
http://developers.redhat.com/blog/2014/07/10/ltrace-for-rhel-6-and-7/,3
developers.redhat.com/products/softwarecollections/updates/,3
http://developers.redhat.com/blog/tag/python/,3
developers.redhat.com/products/softwarecollections/get-started-rhel6-python/,3
developers.redhat.com/products/softwarecollections/get-started-rhel7-nodejsbeta/,3
developers.redhat.com//products/rhel/get-started/,3
developers.redhat.com/quickstarts/eap/cdi-portable-extension/,3
http://developers.redhat.com/blog/author/rhjakub/,3
developers.redhat.com/quickstarts/eap/kitchensink/,3
developers.redhat.com/video/vimeo/92554627/,3
developers.redhat.com/products/cdk/docs-and-apis/,3
developers.redhat.com//containers/adoption/,3
http://developers.redhat.com/blog/2014/03/20/rhscl-1-1-beta-available-apache-mongodb/,3
http://developers.redhat.com/blog/page/6/,3
http://developers.redhat.com/blog/2016/01/14/toward-a-better-use-of-c11-atomics-part-1/,3
http://developers.redhat.com/blog/page/11/,2
developers.redhat.com/demos/jca/,2
http://developers.redhat.com/blog/2016/05/06/tdc-florianopolis-here-we-go/,2
http://developers.redhat.com/blog/tag/containers/,2
developers.redhat.com/quickstarts/eap/helloworld-mbean/,2
developers.redhat.com/video/youtube/i5v5krfuyxi/,2
developers.redhat.com/products/developertoolset/updates/,2
http://developers.redhat.com/blog/tag/scl/,2
http://developers.redhat.com/blog/2015/01/28/recent-improvements-to-concurrent-code-in-glibc/,2
http://developers.redhat.com/blog/2015/06/11/type-safe-salesforce-queries-soql-in-scala/,2
developers.redhat.com/products/rhel/download,2
http://developers.redhat.com/blog/2014/09/30/openmp-4-0-support-in-developer-toolset-3-beta-parallel,2
http://developers.redhat.com/blog/2014/02/18/migrate-to-python3-w-rhscl/,2
http://developers.redhat.com/blog/2015/07/09/lttng-packages-available-for-rhel-7/,2
http://developers.redhat.com/blog/2014/01/10/probing-java-w-systemtap/,2
developers.redhat.com/video/vimeo/95462201/,2
developers.redhat.com/quickstarts/brms/,2
http://developers.redhat.com/blog/2015/11/23/externalize-http-session-data-to-jboss-data-grid/,2
developers.redhat.com/products/cdk/get-started-cdk2-nodejs/,2
http://developers.redhat.com/blog/2016/03/09/more-about-docker-images-size/#more-419709,2
http://developers.redhat.com/blog/2014/11/13/useful-dockerfiles-for-rhel-ecosystem/,2
http://developers.redhat.com/blog/author/donschenck/,2
http://developers.redhat.com/blog/2014/08/13/stomp-testing-message-servers-part1-hornetq/,2
http://developers.redhat.com/blog/2015/04/21/introducing-the-atomic-command/,2
http://developers.redhat.com/blog/2014/06/04/red-hat-software-collections-rhscl-1-1-now-ga/,2
http://developers.redhat.com/blog/2016/02/08/golang-meets-fedora/,2
http://developers.redhat.com/blog/category/other-languages/,2
developers.redhat.com/quickstarts/eap/kitchensink-ear/,2
http://developers.redhat.com/blog/tag/software-collections/,2
developers.redhat.com/products/developertoolset/docs-and-apis/,2
developers.redhat.com/ticket-monster/openshiftdeployment/,2
http://developers.redhat.com/blog/2015/02/10/gcc-5-in-fedora/,2
http://developers.redhat.com/blog/2016/04/27/javascript-a-repair-guide/,2
http://developers.redhat.com/blog/2016/01/18/jboss-eap-7-beta-is-now-available/,2
developers.redhat.com/products/fuse/download/,2
developers.redhat.com/quickstarts/brms/helloworld-bpmsuite/,2
http://developers.redhat.com/blog/2015/06/23/red-hat-container-development-kit/,2
developers.redhat.com/products/eap/learn/,2
http://developers.redhat.com/blog/2015/01/07/using-mock-to-build-python27-software-collections-packa,2
http://developers.redhat.com/blog/2015/06/29/maintain-software-collections-easily-on-thousands-of-ma,2
developers.redhat.com/quickstarts/eap/servlet-security/,2
developers.redhat.com/products/rhel/buzz/,2
http://developers.redhat.com/blog/2014/01/23/using-rhq-jon-to-monitor-java-apps/,2
http://developers.redhat.com/blog/2016/04/05/integrate-openshift-and-eclipse-che-for-faster-developm,2
http://developers.redhat.com/blog/2016/05/03/getting-started-with-release-validation-testing-in-fedo,2
http://developers.redhat.com/blog/2014/12/19/bootstrapping-power8-little-endian-and-common-pitfalls/,2
http://developers.redhat.com/blog/page/9/,2
developers.redhat.com/vjbug/,2
developers.redhat.com/products/softwarecollections/get-started-rhel6-nodejs/,2
developers.redhat.com/demos/jbossdemocentral-brms-loan-realtime-decision-server/,2
http://developers.redhat.com/blog/2016/01/27/using-jboss-fuse-and-3scale-for-api-management/,2
developers.redhat.com/auth/realms/rhd/broker/facebook/login,2
http://developers.redhat.com/blog/2015/10/20/containerize-ruby-on-railspostgresql-application-rhscl-,2
http://developers.redhat.com/blog/page/8/,2
developers.redhat.com/quickstarts/datagrid/helloworld-jdg/,2
http://developers.redhat.com/blog/2013/09/12/rh-dts2-ga/,2
developers.redhat.com/products/eap/updates/,2
http://developers.redhat.com/blog/2014/08/05/eclipse-egit-for-git-repo-management/,2
http://developers.redhat.com/blog/2015/06/10/lenexa-c-meeting-report-core-language/,2
developers.redhat.com/products/openshift/docs-and-apis/,2
developers.redhat.com/products/softwarecollections/docs-and-apis/,2
http://developers.redhat.com/blog/page/12/,2
developers.redhat.com/quickstarts/wfk/spring-kitchensink-matrixvariables/,2
http://developers.redhat.com/blog/2016/04/20/announcing-microservices-day-london-2016/,2
developers.redhat.com/products/rhel/get-started-rhel7-cpp/,2
http://developers.redhat.com/blog/tag/gcc/page/2/,2
http://developers.redhat.com/blog/2016/03/08/jboss-participates-in-google-summer-of-code-2016/,2
developers.redhat.com/products/cdk/get-started-cdk2-php/,2
developers.redhat.com/quickstarts/datagrid/carmart/,2
developers.redhat.com/video/youtube/cl3siavsbf4/,2
developers.redhat.com/quickstarts/picketlink/picketlink-federation-saml-idp-with-ssl/,2
http://developers.redhat.com/blog/2016/02/26/gcc-6-wmisleading-indentation-vs-goto-fail/,2
http://developers.redhat.com/blog/category/jboss/page/2/,2
http://developers.redhat.com/blog/page/7/,2
http://developers.redhat.com/blog/2015/05/20/devnation-talk-shenandoah-an-ultra-low-pause-time-garba,2
http://developers.redhat.com/blog/2014/06/25/gene-kim-and-red-hat-it-part-3-a-devops-implementation-,2
http://developers.redhat.com/blog/2014/06/17/red-hat-enterprise-linux-7-toolchain-a-major-performanc,2
http://developers.redhat.com/blog/2014/11/03/are-docker-containers-really-secure-opensource-com/,2
developers.redhat.com/products/datagrid/get-started/,2
http://developers.redhat.com/blog/2016/04/26/fedora-media-writer-the-fastest-way-to-create-live-usb-,2
developers.redhat.com/video/vimeo/61535853/,2
http://developers.redhat.com/blog/2015/10/05/red-hat-software-collections-2-0-docker-images-beta-rel,2
http://developers.redhat.com/blog/page/10/,2
developers.redhat.com/quickstarts/eap/jts/,2
developers.redhat.com/about/,2
developers.redhat.com/products/mobileplatform/learn/,2
developers.redhat.com/products/rhel/get-started-rhel7-php/,2
developers.redhat.com/quickstarts/wfk/,2
http://developers.redhat.com/blog/2014/12/10/how-to-package-proprietary-software/,2
http://developers.redhat.com/blog/2015/12/04/its-time-for-portland-and-node-js-interactive/,1
http://developers.redhat.com/blog/2016/03/30/jolokia-jvm-monitoring-in-openshift-2/#more-420187,1
developers.redhat.com/auth/realms/rhd/broker/google/endpoint,1
http://developers.redhat.com/blog/2013/08/01/php-5-4-on-rhel-6-using-rhscl/#more-409709,1
developers.redhat.com/auth/realms/rhd/broker/linkedin/login,1
http://developers.redhat.com/blog/category/red-hat-enterprise-linux/red-hat-developer-toolset/page/7,1
http://developers.redhat.com/blog/category/red-hat-enterprise-linux/red-hat-developer-toolset/,1
http://developers.redhat.com/blog/2015/01/21/mixing-developers-systems-admins-speed-value/,1
developers.redhat.com/demos/jbossdemocentral-bpms-ecm/,1
developers.redhat.com/products/rhel/get-started-rhel7-python,1
http://developers.redhat.com/blog/2013/09/12/rhscl1-ga/,1
http://developers.redhat.com/blog/2014/03/26/git-bonsai-or-keeping-branches-pruned/,1
developers.redhat.com/products/rhel/get-started-dcr7-php/,1
http://developers.redhat.com/blog/2013/10/01/dts-eclipse-pydev-python27/#more-410045,1
developers.redhat.com//products/brms/get-started/,1
http://developers.redhat.com/blog/category/red-hat-enterprise-linux/red-hat-developer-toolset/page/6,1
http://developers.redhat.com/blog/2014/02/25/extending-rhev-vdsm-hooks/,1
http://developers.redhat.com/blog/2014/12/09/red-hat-at-the-iso-c-standards-meeting-november-2014-co,1
http://developers.redhat.com/blog/2013/08/22/writing-selinux-policy-a-black-art/,1
http://developers.redhat.com/blog/tag/devnation/page/6/,1
http://developers.redhat.com/blog/2015/10/13/you-had-me-at-hello-world/#more-416171,1
http://developers.redhat.com/blog/2016/02/17/upgrading-the-gnu-c-library-within-red-hat-enterprise-l,1
developers.redhat.com/video/youtube/cotz7droldk/,1
developers.redhat.com/quickstarts/wfk/spring-greeter/,1
http://developers.redhat.com/blog/page/22/,1
http://developers.redhat.com/blog/page/26/,1
http://developers.redhat.com/blog/2014/12/03/dockerfiles-now-available-red-hat-software-collections/,1
developers.redhat.com/quickstarts/eap/ejb-asynchronous/,1
developers.redhat.com/blog/2016/04/07/rebase-helper-tool-for-rebases-and-for-upstream-monitoring-ser,1
http://developers.redhat.com/blog/2013/06/05/red-hat-software-collections-1-0-beta-now-available/,1
http://developers.redhat.com/blog/2015/07/31/behind-the-internet-of-things-middleware-demo-at-red-ha,1
developers.redhat.com/products/fuse/connectors/,1
http://developers.redhat.com/blog/page/27/,1
developers.redhat.com/quickstarts/portal/jsf2-hello-world-portlet/,1
developers.redhat.com/quickstarts/wfk/deltaspike-deactivatable/,1
http://developers.redhat.com/blog/category/red-hat-enterprise-linux/red-hat-developer-toolset/page/1,1
http://developers.redhat.com/blog/author/eiselem/,1
developers.redhat.com/quickstarts/eap/wsat-simple/,1
http://developers.redhat.com/blog/2016/04/18/its-almost-time-for-paris-and-devoxx-france/,1
https://developers.redhat.com/blog/2013/12/12/advanced_integration_rhevm-part1/,1
developers.redhat.com/devops,1
developers.redhat.com/quickstarts/eap/hornetq-clustering/,1
developers.redhat.com/quickstarts/eap/jta-crash-rec/,1
developers.redhat.com/demos/jbossdemocentral-bpms-travel-agency/,1
http://developers.redhat.com/blog/2016/04/19/different-types-of-microservices/#more-421301,1
http://developers.redhat.com/blog/tag/systemtap/,1
developers.redhat.com/quickstarts/eap/ejb-multi-server/,1
http://developers.redhat.com/blog/tag/wordpress/,1
http://developers.redhat.com/blog/2014/04/08/apache-with-various-php-versions-using-scl/#more-411758,1
http://developers.redhat.com/blog/tag/javascript/,1
http://developers.redhat.com/blog/category/red-hat-enterprise-linux/red-hat-developer-toolset/page/2,1
developers.redhat.com/quickstarts/eap/servlet-async/,1
developers.redhat.com/quickstarts/eap/ejb-in-war/,1
http://developers.redhat.com/blog/category/net/page/2/,1
http://developers.redhat.com/blog/2013/01/23/is-your-c-development-team-missing-out-developer-toolse,1
http://developers.redhat.com/blog/2013/11/08/ci-strategies-1of3/,1
http://developers.redhat.com/blog/2015/01/02/improving-math-performance-in-glibc/,1
developers.redhat.com/quickstarts/wfk/deltaspike-beanmanagerprovider/,1
http://developers.redhat.com/blog/2016/05/16/all-together-now-net-rhel-hyper-v-and-vscode/#more-4219,1
http://developers.redhat.com/blog/tag/apache/page/2/,1
http://developers.redhat.com/blog/2015/08/20/4-steps-to-maximize-your-devops-and-agile-results/,1
http://developers.redhat.com/blog/tag/gcc/page/4/,1
http://developers.redhat.com/blog/2014/09/09/transition-to-multilingual-programming-python/,1
http://developers.redhat.com/blog/tag/jvm/,1
developers.redhat.com/products/openshift/buzz/,1
http://developers.redhat.com/blog/category/jboss/page/4/,1
developers.redhat.com/containers/benefits/,1
http://developers.redhat.com/blog/2015/01/29/january-in-jboss/#more-415074,1
developers.redhat.com/products/webserver/download/,1
developers.redhat.com/quickstarts/wfk/deltaspike-partialbean-basic/,1
developers.redhat.com/products/webserver/docs-and-apis/,1
http://developers.redhat.com/blog/tag/gcc/page/6/,1
developers.redhat.com/quickstarts/fuse/cxf/secure-soap/,1
developers.redhat.com/video/youtube/vtxar8eoc8a/,1
developers.redhat.com/demos/jbossdemocentral-bpms-generic-loan/,1
http://developers.redhat.com/blog/2014/09/30/overview-storage-scalability-docker/#state=fc91d5aa-5bf,1
developers.redhat.com/demos/jbossdemocentral-brms-install/,1
http://developers.redhat.com/blog/category/performance-2/page/2/,1
developers.redhat.com/quickstarts/picketlink/picketlink-federation-saml-sp-post-basic/,1
developers.redhat.com/demos/external-mq-fabric-client/,1
http://developers.redhat.com/blog/2014/03/12/rh-dts2-1-ga/,1
developers.redhat.com/products/openshift/download/,1
http://developers.redhat.com/blog/2014/07/08/mongodb-2-4-python-3-3-software-collection/,1
developers.redhat.com/products/amq/get-started/,1
http://developers.redhat.com/blog/tag/devnation/page/2/,1
developers.redhat.com/products/rhel/get-started-rhel6-python/,1
http://developers.redhat.com/blog/category/red-hat-enterprise-linux/page/2/,1
developers.redhat.com/quickstarts/wfk/deltaspike-helloworld-jms/,1
http://developers.redhat.com/blog/page/23/,1
developers.redhat.com/video/youtube/czh9qzuusls/,1
developers.redhat.com/products/rhel/get-started-dcr7-nodejsbeta/,1
developers.redhat.com/blog/2015/03/09/software-governance-practices-descriptive-prescriptive/,1
developers.redhat.com/products/softwarecollections/buzz/,1
developers.redhat.com/demos/batch/,1
developers.redhat.com/auth/realms/rhd/broker/github/login,1
https://developers.redhat.com/blog/2013/08/20/c-cpp11-concurrency/,1
http://developers.redhat.com/blog/2014/08/06/%e2%96%b6-thermostat-demo-open-source-monitoring-tool-f,1
http://developers.redhat.com/blog/tag/ruby/,1
http://developers.redhat.com/blog/2016/03/14/superscalar-execution/,1
http://developers.redhat.com/blog/tag/devops/,1
http://developers.redhat.com/blog/2015/01/08/,1
http://developers.redhat.com/blog/tag/gcc/,1
http://developers.redhat.com/blog/2014/06/26/rhel-7-is-for-developers/#state=cafa076f-2152-4dd6-87ea,1
developers.redhat.com/video/youtube/6_x68pnbdfg/,1
developers.redhat.com/mobile/learn/,1
http://developers.redhat.com/blog/2016/03/03/curing-a-legacy-header-ache/#more-419348,1
http://developers.redhat.com/blog/category/red-hat-enterprise-linux/page/3/,1
developers.redhat.com/quickstarts/eap/kitchensink-ml/,1
https://developers.redhat.com/blog/2014/06/04/red-hat-software-collections-rhscl-1-1-now-ga/,1
http://developers.redhat.com/blog/2015/02/11/low-latency-performance-tuning-rhel-7/#more-415105,1
developers.redhat.com/products/brms/download/,1
http://developers.redhat.com/blog/2015/10/20/devops-transforms-a-retail-giant/,1
http://developers.redhat.com/blog/page/24/,1
http://developers.redhat.com/blog/tag/gcc/page/8/,1
www.redhat.com/es/search/developers.redhat.com,1
developers.redhat.com/video/youtube/dgoqrqslqtg/,1
developers.redhat.com/products/devstudio/get-started,1
developers.redhat.com/demos/kie-remote-example/,1
developers.redhat.com//ticket-monster/,1
developers.redhat.com/quickstarts/eap/cmt/,1
developers.redhat.com/quickstarts/wfk/kitchensink-angularjs-bootstrap/,1
http://developers.redhat.com/blog/page/17/,1
developers.redhat.com/video/vimeo/61543833/,1
developers.redhat.com//products/softwarecollections/get-started-rhel7-nodejs/,1
http://developers.redhat.com/blog/page/25/,1
http://developers.redhat.com/blog/2015/03/18/developer-toolset-3-1-beta/,1
developers.redhat.com/quickstarts/fuse/camel/,1
developers.redhat.com/events/gids/2016,1
developers.redhat.com/quickstarts/fuse/camel/camel-odata/,1
http://developers.redhat.com/blog/author/torvald-riegel/,1
http://developers.redhat.com/blog/2015/04/14/writing-an-application-that-supports-dnssec-in-rhel-and,1
http://developers.redhat.com/blog/2015/10/06/database-docker-images-beta-softwarecollections/,1
http://developers.redhat.com/blog/category/red-hat-enterprise-linux/red-hat-developer-toolset/page/8,1
http://developers.redhat.com/blog/page/28/,1
developers.redhat.com/boms/eap/jboss-javaee-6_0-with-richfaces-wfk-24/,1
http://developers.redhat.com/blog/tag/c/,1
http://developers.redhat.com/blog/2016/05/05/offline-cli-with-jboss-eap-7/,1
http://developers.redhat.com/blog/page/16/,1
http://developers.redhat.com/blog/category/containers/page/2/,1
http://developers.redhat.com/blog/2014/11/12/time-zone-data-tzdata-changes-redhat-updates/,1
developers.redhat.com/products/rhel/get-started-rhel6-cpp/,1
http://developers.redhat.com/blog/2016/03/14/superscalar-execution/#more-417710,1
http://developers.redhat.com/blog/2016/05/02/developer-interest-survey-may-2016/,1
developers.redhat.com/products/webserver/get-started/,1
developers.redhat.com/quickstarts/wfk/kitchensink-html5-mobile/,1
http://developers.redhat.com/blog/2016/01/21/integrate-continuous-integration-with-openshift-enterpr,1
http://developers.redhat.com/blog/2013/08/20/c-cpp11-concurrency/,1
http://developers.redhat.com/blog/2014/01/22/convergence-immutability-and-image-based-deployments/,1
developers.redhat.com/auth/realms/rhd/broker/jbossdeveloper/login,1
http://developers.redhat.com/blog/tag/openjdk/,1
http://developers.redhat.com/blog/2015/11/17/gcc-5-developer-toolset-4-generally-available/#more-416,1
http://developers.redhat.com/blog/2013/11/20/rh-dts-2-0-features-openshift/,1
developers.redhat.com/products/mobileplatform/get-started,1
developers.redhat.com/quickstarts/eap/tasks/,1
http://developers.redhat.com/blog/2013/12/19/advanced_integration_rhevm-part2/,1
developers.redhat.com/video/vimeo/131199128/,1
http://developers.redhat.com/blog/2016/05/13/get-started-with-node-js-v4-using-red-hat-software-coll,1
http://developers.redhat.com/blog/tag/node-js/,1
developers.redhat.com/demos/jpa/,1
developers.redhat.com/auth/realms/rhd/broker/google/login,1
developers.redhat.com/quickstarts/brms/helloworld-drl/,1
developers.redhat.com/quickstarts/sandbox/ejb-security-propagation/,1
developers.redhat.com/auth/realms/rhd/broker/stackoverflow/login,1
http://developers.redhat.com/blog/tag/power/,1
http://developers.redhat.com/blog/category/red-hat-enterprise-linux/red-hat-developer-toolset/page/9,1
http://developers.redhat.com/blog/author/redhattoolchainblog/,1
http://developers.redhat.com/blog/2016/04/21/we-are-heading-to-bengaluru-gids-here-we-come/,1
developers.redhat.com/video/vimeo/76695342/,1
http://developers.redhat.com/blog/category/jboss/page/5/,1
http://developers.redhat.com/blog/page/13/,1
developers.redhat.com/products/eap/docs-and-apis/,1
developers.redhat.com/video/youtube/hy9avrtnufq/,1
developers.redhat.com/products/bpmsuite/download/,1
http://developers.redhat.com/blog/category/openshift/page/4/,1
http://developers.redhat.com/blog/2013/06/24/using-rhscl-django-on-python-3-with-postgresql/,1
http://developers.redhat.com/blog/author/rhjason/,1
developers.redhat.com/products/rhel/get-started-dcr7-nodejs/,1
http://developers.redhat.com/blog/tag/gcc/page/7/,1
http://developers.redhat.com/blog/2015/06/24/red-hat-summit-devnation-conference-report-day-one/#mor,1
developers.redhat.com/quickstarts/eap/picketlink-sts/,1
http://developers.redhat.com/blog/2014/08/14/find-fix-memory-leaks-java-application/#more-413534,1
http://developers.redhat.com/blog/category/red-hat-enterprise-linux/red-hat-developer-toolset/page/3,1
developers.redhat.com/demos/jbossdemocentral-brms-coolstore/,1
developers.redhat.com/products/cdk/community/,1
developers.redhat.com/demos/jms/,1
http://developers.redhat.com/blog/2013/05/14/learning-django-with-openshift/,1
http://developers.redhat.com/blog/2014/08/06/%E2%96%B6-thermostat-demo-open-source-monitoring-tool-f,1
http://developers.redhat.com/blog/2014/10/01/using-apache-httpd-2-4-rhel6/developer.redhat.com/RHEL,1
http://developers.redhat.com/blog/2015/07/16/using-software-collections-toolset-for-your-own-applica,1
http://developers.redhat.com/blog/2014/01/28/deploy-to-upgrade-puppet-openstack-modules/,1
http://developers.redhat.com/blog/category/red-hat-enterprise-linux/red-hat-developer-toolset/page/5,1
developers.redhat.com/products/developertoolset/get-started-rhel6-cpp/,1
developers.redhat.com/quickstarts/picketlink/,1
developers.redhat.com/blog/2016/02/17/apps-101-an-absolute-beginners-guide-to-building-a-mobile-app/,1
developers.redhat.com/blog/2016/02/22/programmers-model-of-a-processor-executing-instructions-versus,1
http://developers.redhat.com/blog/category/openshift/page/6/,1
http://developers.redhat.com/blog/author/rafabene/,1
developers.redhat.com/video/vimeo/99901083/,1
http://developers.redhat.com/blog/2016/03/04/assembly-line-for-computations/#more-417665,1
developers.redhat.com/quickstarts/eap/cluster-ha-singleton,1
developers.redhat.com/quickstarts/sandbox/ejb-security-plus/,1
http://developers.redhat.com/blog/2016/05/09/announcing-devnation-2016-get-30off/#more-421952,1
developers.redhat.com/demos/jbossdemocentral-bpms-rewards/,1
http://developers.redhat.com/blog/page/20/,1
http://developers.redhat.com/blog/2016/03/04/assembly-line-for-computations/,1
http://developers.redhat.com/blog/tag/rpm/page/2/,1
developers.redhat.com/mobile/buzz/,1
http://developers.redhat.com/blog/category/jboss/page/3/,1
developers.redhat.com//articles/rhel-what-you-need-to-know/,1
developers.redhat.com/video/youtube/ouwyhl1r4lk/,1
developers.redhat.com/ticket-monster/adminhtml5/,1
http://developers.redhat.com/blog/2013/08/13/sys-admins-developers-asking-for-unsupported-toolchains,1
http://developers.redhat.com/blog/category/red-hat-enterprise-linux/red-hat-developer-toolset/page/4,1
developers.redhat.com/video/youtube/df2byi5qrye/,1
developers.redhat.com/blog/2016/04/06/dont-cross-the-streams-thread-safety-and-memory-accesses-at-th,1
http://developers.redhat.com/blog/page/21/,1
http://developers.redhat.com/blog/tag/gcc/page/5/,1
developers.redhat.com/products,1
developers.redhat.com/quickstarts/picketlink/picketlink-deltaspike-authorization/,1
http://developers.redhat.com/blog/2015/02/25/inspecting-docker-activity-with-socat/,1
developers.redhat.com/quickstarts/eap/ejb-in-ear/,1
http://developers.redhat.com/blog/2015/12/07/octobernovember-2015-gnu-toolchain-update/,1
http://developers.redhat.com/blog/tag/dnf/,1
http://developers.redhat.com/blog/2016/02/24/10-things-to-avoid-in-docker-containers/#more-419148,1
http://developers.redhat.com/blog/category/openshift/page/2/,1
developers.redhat.com/quickstarts/portal/sample-portal/,1
http://developers.redhat.com/blog/tag/developer-toolset/page/2/,1
developers.redhat.com/video/vimeo/91030054/,1
http://developers.redhat.com/blog/tag/perl/,1
developers.redhat.com/demos/ejb/,1
http://developers.redhat.com/blog/category/openshift/page/3/,1
developers.redhat.com/quickstarts/picketlink/picketlink-federation-saml-sp-redirect-with-signature/,1
developers.redhat.com/quickstarts/eap/ejb-security-interceptors/,1
http://developers.redhat.com/blog/2013/11/05/extending-software-collections-with-additional-packages,1
developers.redhat.com/devops/adoption/,1
developers.redhat.com/web-and-api-development/overview/,1
http://developers.redhat.com/blog/tag/python/#state=b8752ae4-d8dd-4ff3-8463-e42d39589f67&code=ssf_yA,1
http://developers.redhat.com/blog/page/14/,1
http://developers.redhat.com/blog/2014/03/14/openjdk-on-aarch64-released/,1
developers.redhat.com/quickstarts/eap/jts-distributed-crash-rec/,1
http://developers.redhat.com/blog/2016/05/06/fedora-update-testing-with-bodhi/,1
http://developers.redhat.com/blog/2016/05/17/smart-light-with-arduino-in-fedora/#more-421956,1
http://developers.redhat.com/blog/tag/devop/,1
developers.redhat.com/video/vimeo/76694884/,1
http://developers.redhat.com/blog/2015/12/14/devnation-2016-call-for-proposals-open/,1
developers.redhat.com/events/devoxx/2015/,1
http://developers.redhat.com/blog/2015/07/30/software-collections-ruby-scriptscribe/,1
http://developers.redhat.com/blog/tag/gcc/page/3/,1
http://developers.redhat.com/blog/page/18/,1
developers.redhat.com/quickstarts/picketlink/picketlink-authorization-rs-rbac/,1
https://developers.redhat.com/blog/tag/thermostat/,1
http://developers.redhat.com/blog/2014/12/04/add-packages-to-python-2-7-software-collection/,1
http://developers.redhat.com/blog/tag/npm/,1
developers.redhat.com/quickstarts/wfk/spring-kitchensink-springmvctest/,1
developers.redhat.com/video/vimeo/67480300/,1
http://developers.redhat.com/blog/2015/10/15/gcc-5-developer-toolset-4-beta/,1
developers.redhat.com/products/cdk/buzz/,1
http://developers.redhat.com/blog/2016/02/25/new-asm-flags-feature-for-x86-in-gcc-6/#more-418926,1
developers.redhat.com/ticket-monster/businesslogic/,1
http://developers.redhat.com/blog/2013/11/26/rhel6-5-ga/,1
developers.redhat.com/community/contributor,1
http://developers.redhat.com/blog/page/19/,1
http://developers.redhat.com/blog/tag/cheatsheet/,1
developers.redhat.com/demos/jbossdemocentral-bpms-signavio-integration/,1
developers.redhat.com/video/vimeo/125066673/,1
developers.redhat.com/products/cdk/get-started-cdk2-python/,1
developers.redhat.com/video/vimeo/76695167/,1
http://developers.redhat.com/blog/2016/04/27/javascript-a-repair-guide/#more-420944,1
http://developers.redhat.com/blog/2016/03/23/continuous-development-with-automated-testing/,1
http://developers.redhat.com/blog/page/15/,1
developers.redhat.com/video/youtube/ngliy6ne2fk/,1
http://developers.redhat.com/blog/category/openshift/page/5/,1